DAY,AVG_FEE_USD,MEDIAN_FEE_USD,TOTAL_FEES,TOTAL_TRANSACTIONS
2022-03-30 00:00:00.000,0.01598037442,0.007752751489,21239.020254047,1329069
2022-03-29 00:00:00.000,0.01750625683,0.006687942631,53823.126666658,3074508
2022-03-28 00:00:00.000,0.01640499397,0.007236165738,51203.906979458,3121239
2022-03-27 00:00:00.000,0.01607051007,0.007591458002,45023.44636467,2801619
2022-03-26 00:00:00.000,0.01628716102,0.007029405928,42148.273599735,2587822
2022-03-25 00:00:00.000,0.01544809857,0.007110707958,46828.36189095,3031335
2022-03-24 00:00:00.000,0.01729853355,0.008149056049,55815.36185688,3226595
2022-03-23 00:00:00.000,0.01543829367,0.008202967141,48455.014465209,3138625
2022-03-22 00:00:00.000,0.01628361724,0.007875856618,52007.382072415,3193847
2022-03-21 00:00:00.000,0.01521439356,0.007950301367,43032.04082437,2828377
2022-03-20 00:00:00.000,0.01606890806,0.008319231041,45678.747488415,2842679
2022-03-19 00:00:00.000,0.01512236667,0.008236639168,43888.087170555,2902197
2022-03-18 00:00:00.000,0.01437887835,0.007886643932,42211.799959628,2935681
2022-03-17 00:00:00.000,0.01581111682,0.007992460505,45743.727075966,2893137
2022-03-16 00:00:00.000,0.01909864261,0.008425966978,48572.641911578,2965606
2022-03-15 00:00:00.000,0.01591793313,0.008272238919,37399.534077149,2773258
2022-03-14 00:00:00.000,0.01495929631,0.00806528952,39563.030466061,2644712
2022-03-13 00:00:00.000,0.01528624065,0.008372771304,36095.124906205,2361282
2022-03-12 00:00:00.000,0.01500861862,0.0089424806,37263.368287236,2482798
2022-03-11 00:00:00.000,0.01649159176,0.008660225833,38770.726250522,2350939
2022-03-10 00:00:00.000,0.01845018447,0.009153415882,40178.357856728,2177667
2022-03-09 00:00:00.000,0.01689429529,0.007881958964,51042.869503103,3021308
2022-03-08 00:00:00.000,0.01872049873,0.007986791479,55400.620227332,2959356
2022-03-07 00:00:00.000,0.01741484512,0.006495775589,49563.694091841,2846060
2022-03-06 00:00:00.000,0.01725286236,0.007169088201,47223.068352793,2737115
2022-03-05 00:00:00.000,0.01571952203,0.006367904944,39927.334451335,2539984
2022-03-04 00:00:00.000,0.01746720331,0.005742723148,53565.58942204,3066638
2022-03-03 00:00:00.000,0.01917557274,0.006439365029,51258.626189902,2673121
2022-03-02 00:00:00.000,0.02075917829,0.005895209161,59785.769184884,2879968
2022-03-01 00:00:00.000,0.01876598104,0.005246159528,58472.826497036,3115895
2022-02-28 00:00:00.000,0.01985420599,0.005710812495,55273.613121029,2783975
2022-02-27 00:00:00.000,0.01911411369,0.00543396549,47640.53304544,2492427
2022-02-26 00:00:00.000,0.0186674628,0.005606412932,39413.230227108,2111333
2022-02-25 00:00:00.000,0.01794735852,0.004974358086,44641.936526085,2487382
2022-02-24 00:00:00.000,0.02910695794,0.005870317302,82777.335908165,2843902
2022-02-23 00:00:00.000,0.01585183752,0.00470124691,35085.379241075,2416278
2022-02-22 00:00:00.000,0.01913935075,0.004963565642,53293.579569179,2784503
2022-02-21 00:00:00.000,0.01717725739,0.00428635935,47160.246048263,2745505
2022-02-20 00:00:00.000,0.01567120237,0.005037621,40387.807078155,2577199
2022-02-19 00:00:00.000,0.01549715123,0.005123804683,42581.44494188,2747695
2022-02-18 00:00:00.000,0.01976893831,0.005138542481,51789.162137378,2619724
2022-02-17 00:00:00.000,0.01936398738,0.005624859796,53821.505814664,2779464
2022-02-16 00:00:00.000,0.02265294355,0.008747066999,73133.555822743,3228435
2022-02-15 00:00:00.000,0.01789078829,0.00695462848,49227.684774002,2751566
2022-02-14 00:00:00.000,0.05076158517,0.009315264857,177549.507117028,3497714
2022-02-13 00:00:00.000,0.02051581045,0.009008577174,67038.795758852,3267665
2022-02-12 00:00:00.000,0.02468199661,0.009140388102,79312.955147647,3213393
2022-02-11 00:00:00.000,0.01974516425,0.006070916761,67893.095673912,3438467
2022-02-10 00:00:00.000,0.02370013232,0.007222719384,88743.865662038,3744446
2022-02-09 00:00:00.000,0.01816548902,0.005644365854,63562.390337169,3499074
2022-02-08 00:00:00.000,0.02187550391,0.006901425261,88841.759006845,4061244
2022-02-07 00:00:00.000,0.01817600585,0.005836936863,63478.500806628,3492434
2022-02-06 00:00:00.000,0.01324482345,0.004591229102,40691.143943221,3072230
2022-02-05 00:00:00.000,0.01316593984,0.004492884609,40007.367737369,3038702
2022-02-04 00:00:00.000,0.01728924747,0.005415070307,60919.856419286,3523569
2022-02-03 00:00:00.000,0.01181983692,0.003924274431,43951.697159344,3718469
2022-02-02 00:00:00.000,0.02613450439,0.004005429384,87112.941301185,3333254
2022-02-01 00:00:00.000,0.01444517769,0.004810061403,46243.303997924,3201297
2022-01-31 00:00:00.000,0.01344937221,0.004469134088,40895.8154161,3040723
2022-01-30 00:00:00.000,0.01179185637,0.00373802219,33456.527039247,2837257
2022-01-29 00:00:00.000,0.01336831143,0.004411655008,39294.239793718,2939357
2022-01-28 00:00:00.000,0.01556904689,0.006577394055,48475.53530623,3113584
2022-01-27 00:00:00.000,0.01635272456,0.006646045782,53132.176995031,3249133
2022-01-26 00:00:00.000,0.04243845023,0.01052479774,121269.017369829,3085212
2022-01-25 00:00:00.000,0.02659451363,0.01016254019,73308.122553704,2875502
2022-01-24 00:00:00.000,0.07627038479,0.02121294581,223328.991653834,2928122
2022-01-23 00:00:00.000,0.02665768268,0.01054755744,76385.137217517,2865408
2022-01-22 00:00:00.000,0.1233198035,0.03461652605,353152.031148873,2863709
2022-01-21 00:00:00.000,0.188576455,0.0667275561,531472.377688789,2818339
2022-01-20 00:00:00.000,0.09001277031,0.04636630236,239251.063076927,2657968
2022-01-19 00:00:00.000,0.1137511905,0.06248852055,258357.846350129,2271254
2022-01-18 00:00:00.000,0.08563445234,0.03204150008,210192.674852037,2454534
2022-01-17 00:00:00.000,0.04846853419,0.01718502187,160851.361155545,3318676
2022-01-16 00:00:00.000,0.03165819595,0.01258173409,100003.96714921,3158865
2022-01-15 00:00:00.000,0.0332719736,0.01538651592,97564.506167433,2932333
2022-01-14 00:00:00.000,0.03123380995,0.01434553985,99257.143784942,3177875
2022-01-13 00:00:00.000,0.03002444509,0.01447160385,82502.641414585,2747849
2022-01-12 00:00:00.000,0.02333154293,0.01124979423,97027.301057291,4158632
2022-01-11 00:00:00.000,0.02323397474,0.01121286203,73881.576859191,3179894
2022-01-10 00:00:00.000,0.03826572754,0.01285189849,131331.076443266,3432081
2022-01-09 00:00:00.000,0.0285834466,0.00958946246,81019.722219534,2834498
2022-01-08 00:00:00.000,0.06361711996,0.01476665136,182003.808923319,2860925
2022-01-07 00:00:00.000,0.1574515227,0.0867350528,571785.362012637,3631501
2022-01-06 00:00:00.000,0.1903314498,0.1165068702,693542.488891775,3643867
2022-01-05 00:00:00.000,0.2477643907,0.1499128376,883074.656236704,3564171
2022-01-04 00:00:00.000,0.1573568309,0.09103910752,612317.600628285,3891268
2022-01-03 00:00:00.000,0.05319176162,0.02467121965,241299.692545016,4536411
2022-01-02 00:00:00.000,0.03175838995,0.01520064847,130041.428679817,4094711
2022-01-01 00:00:00.000,0.04729115881,0.02880288147,190897.241433822,4036637
2021-12-31 00:00:00.000,0.05063973146,0.0226350281,205635.542720788,4060755
2021-12-30 00:00:00.000,0.03436594674,0.01417665363,121103.05324152,3523926
2021-12-29 00:00:00.000,0.03518903519,0.01357451277,120478.811130669,3423760
2021-12-28 00:00:00.000,0.03494865371,0.0145367183,125726.243971981,3597456
2021-12-27 00:00:00.000,0.03112758656,0.01666997277,99583.188157307,3199194
2021-12-26 00:00:00.000,0.02974811748,0.01437675697,85403.335010126,2870882
2021-12-25 00:00:00.000,0.02928981164,0.0158417451,74686.237154239,2549905
2021-12-24 00:00:00.000,0.0342587843,0.0138898658,116733.141822405,3407393
2021-12-23 00:00:00.000,0.0285935408,0.01298282373,97043.160612167,3393884
2021-12-22 00:00:00.000,0.03000974776,0.01364186035,101814.131246814,3392702
2021-12-21 00:00:00.000,0.02359887979,0.01223147386,73345.247596207,3107997
2021-12-20 00:00:00.000,0.02278940908,0.01196489604,73944.408225079,3244683
2021-12-19 00:00:00.000,0.03604016372,0.01482509994,136585.733259965,3789820
2021-12-18 00:00:00.000,0.02623015297,0.01241151698,74974.669215551,2858339
2021-12-17 00:00:00.000,0.0275979748,0.01263481024,85183.743416084,3086594
2021-12-16 00:00:00.000,0.03747394553,0.01178629087,120839.346667701,3224623
2021-12-15 00:00:00.000,0.03203481232,0.0132101278,114639.426981309,3787096
2021-12-14 00:00:00.000,0.02162671498,0.01076023752,75631.520264233,3497134
2021-12-13 00:00:00.000,0.03147877746,0.01087754123,137406.972696895,4365067
2021-12-12 00:00:00.000,0.02222723817,0.01191327998,68923.175877564,3100843
2021-12-11 00:00:00.000,0.02297568095,0.01101063738,73786.169610631,3211490
2021-12-10 00:00:00.000,0.03089380971,0.01312683989,115772.111282902,3747421
2021-12-09 00:00:00.000,0.03271314663,0.01061501767,129913.457502835,3971292
2021-12-08 00:00:00.000,0.04229060182,0.01265412027,142302.842528797,3364881
2021-12-07 00:00:00.000,0.03049537385,0.01210987974,108957.531119883,3572920
2021-12-06 00:00:00.000,0.03232617773,0.01428552857,110135.837070439,3407017
2021-12-05 00:00:00.000,0.03171227024,0.01361945811,86095.642473926,2714900
2021-12-04 00:00:00.000,0.05440432403,0.01160541402,237547.286531198,4366331
2021-12-03 00:00:00.000,0.03877258568,0.01162217972,152118.191380872,3923344
2021-12-02 00:00:00.000,0.03301091305,0.008599696477,136747.311198039,4142488
2021-12-01 00:00:00.000,0.03105666009,0.009593151152,107960.776747141,3796986
2021-11-30 00:00:00.000,0.02720058431,0.01210465735,114981.221978902,4227160
2021-11-29 00:00:00.000,0.01962544012,0.009497675038,81566.606586768,4156167
2021-11-28 00:00:00.000,0.02090530124,0.007362715657,82603.493077654,3951318
2021-11-27 00:00:00.000,0.02140032455,0.007878476239,83812.637689147,3916419
2021-11-26 00:00:00.000,0.02798487485,0.008169925727,133995.554639042,4788142
2021-11-25 00:00:00.000,0.01875195117,0.006570321505,84365.422087791,4499021
2021-11-24 00:00:00.000,0.01901473855,0.00684857877,79382.692453307,4174798
2021-11-23 00:00:00.000,0.01948733962,0.007259131746,75021.716993431,3849767
2021-11-22 00:00:00.000,0.01733746464,0.007343276607,68196.951830702,3933502
2021-11-21 00:00:00.000,0.01789490875,0.006948829656,59646.289844462,3333143
2021-11-20 00:00:00.000,0.01515939267,0.005991791463,51257.650996198,3381247
2021-11-19 00:00:00.000,0.0176485551,0.006272328556,66815.858877475,3785911
2021-11-18 00:00:00.000,0.01931582616,0.006612816192,77954.733936244,4035796
2021-11-17 00:00:00.000,0.01992667663,0.007192953819,72560.203198605,3641360
2021-11-16 00:00:00.000,0.02355511045,0.006761850618,98744.177186966,4192049
2021-11-15 00:00:00.000,0.01873318442,0.00727523835,75219.692618818,4015318
2021-11-14 00:00:00.000,0.02154787024,0.00691617742,72434.415602689,3361558
2021-11-13 00:00:00.000,0.02022891968,0.006759371076,65822.113057143,3253862
2021-11-12 00:00:00.000,0.01807903026,0.005486096225,71837.569111652,3973530
2021-11-11 00:00:00.000,0.02292717228,0.004397158133,93441.341402013,4075572
2021-11-10 00:00:00.000,0.01704923853,0.005288588119,72471.948369368,4250744
2021-11-09 00:00:00.000,0.01476930598,0.00568257291,52218.934208362,3535639
2021-11-08 00:00:00.000,0.01482785791,0.004836183327,66570.439120988,4489552
2021-11-07 00:00:00.000,0.01551150119,0.006770514554,44249.085530889,2852663
2021-11-06 00:00:00.000,0.01569439736,0.006440486853,43845.751800262,2793720
2021-11-05 00:00:00.000,0.01460538634,0.005269448624,49254.956611018,3372383
2021-11-04 00:00:00.000,0.01633983896,0.005707543003,55594.61904967,3402397
2021-11-03 00:00:00.000,0.0164946535,0.005303297415,68504.687701749,4153145
2021-11-02 00:00:00.000,0.01436717528,0.004824102638,60302.339119818,4197230
2021-11-01 00:00:00.000,0.01524347919,0.005900714967,62520.657365448,4101469
2021-10-31 00:00:00.000,0.01700461399,0.006762040837,57860.358699768,3402627
2021-10-30 00:00:00.000,0.01451267201,0.004850323429,55915.061263058,3852844
2021-10-29 00:00:00.000,0.01918739292,0.008285202787,125708.392088495,6551614
2021-10-28 00:00:00.000,0.01995321141,0.005078098653,92403.840814931,4631026
2021-10-27 00:00:00.000,0.01822162326,0.005242956157,76231.727949998,4183586
2021-10-26 00:00:00.000,0.01447481825,0.004775831089,57348.390368844,3961942
2021-10-25 00:00:00.000,0.01298584592,0.005151882294,54385.436946392,4188055
2021-10-24 00:00:00.000,0.01201742873,0.004275783159,39947.495353263,3324130
2021-10-23 00:00:00.000,0.01294657845,0.005171260761,42572.065612357,3288287
2021-10-22 00:00:00.000,0.01266447141,0.004497070494,44157.035152911,3486686
2021-10-21 00:00:00.000,0.01379725324,0.004913651394,45482.617709391,3296498
2021-10-20 00:00:00.000,0.013074896,0.004881160505,46530.547622737,3558770
2021-10-19 00:00:00.000,0.01206608274,0.004171534463,50329.211777365,4171131
2021-10-18 00:00:00.000,0.0216265432,0.007224891344,97268.73015142,4497655
2021-10-17 00:00:00.000,0.01195682575,0.004980085063,34368.26949585,2874364
2021-10-16 00:00:00.000,0.01162484759,0.004547186077,34810.059753626,2994453
2021-10-15 00:00:00.000,0.01831868452,0.006115312406,70915.071706897,3871188
2021-10-14 00:00:00.000,0.00985652643,0.003309614049,34895.691339206,3540364
2021-10-13 00:00:00.000,0.008524118275,0.002863234005,29204.166229208,3426063
2021-10-12 00:00:00.000,0.009769403988,0.003999594951,30329.691075489,3104559
2021-10-11 00:00:00.000,0.009777261458,0.004502509372,31431.128621018,3214717
2021-10-10 00:00:00.000,0.009612869234,0.003255498647,30372.062215961,3159521
2021-10-09 00:00:00.000,0.009034316042,0.00328129301,26310.620539979,2912298
2021-10-08 00:00:00.000,0.009853246222,0.003130604139,36672.570488221,3721877
2021-10-07 00:00:00.000,0.009599746494,0.003121720158,35278.415581692,3674932
2021-10-06 00:00:00.000,0.01115811302,0.003079166087,40226.95010332,3605175
2021-10-05 00:00:00.000,0.005780927956,0.001347173861,28111.178513903,4862745
2021-10-04 00:00:00.000,0.004920019549,0.001202284549,26645.005469481,5415630
2021-10-03 00:00:00.000,0.003475527675,0.000438456993,21073.517977868,6063401
2021-10-02 00:00:00.000,0.00360795564,0.0005120828996,21379.143190889,5925556
2021-10-01 00:00:00.000,0.004439037378,0.0005969436006,26645.783519171,6002604
2021-09-30 00:00:00.000,0.004168265513,0.0003655289958,27011.940296754,6480379
2021-09-29 00:00:00.000,0.004122033142,0.0005634148764,23777.57719531,5768410
2021-09-28 00:00:00.000,0.00320617079,0.0003599643917,21156.886222751,6598802
2021-09-27 00:00:00.000,0.003082822528,0.0004478331022,21279.006778457,6902443
2021-09-26 00:00:00.000,0.003327235895,0.0003114401143,23472.04883794,7054519
2021-09-25 00:00:00.000,0.003973135344,0.0003047372207,25324.387232748,6373905
2021-09-24 00:00:00.000,0.005482854633,0.0004604407802,36692.694232141,6692261
2021-09-23 00:00:00.000,0.004206815569,0.000334290452,25144.490030422,5977084
2021-09-22 00:00:00.000,0.005185941205,0.0003432551378,32755.981177194,6316304
2021-09-21 00:00:00.000,0.01023876403,0.0006108008684,67331.064457838,6576093
2021-09-20 00:00:00.000,0.008795327629,0.000833120077,58235.333048341,6621167
2021-09-19 00:00:00.000,0.004965214178,0.0003445231049,27006.087897931,5439058
2021-09-18 00:00:00.000,0.006012428121,0.000396662433,32719.507575928,5441979
2021-09-17 00:00:00.000,0.005107809538,0.0005147130559,28038.155879,5489272
2021-09-16 00:00:00.000,0.007450689305,0.001104487149,41487.680709068,5568301
2021-09-15 00:00:00.000,0.006131527345,0.0009685218109,27753.923187755,5956878
2021-09-14 00:00:00.000,0.004850634751,0.0003761538291,28987.752217356,6237929
2021-09-13 00:00:00.000,0.005619932713,0.0006480679061,33506.80876465,5962137
2021-09-12 00:00:00.000,0.00570443929,0.0005724414091,33984.442363974,5957543
2021-09-11 00:00:00.000,0.004084404062,0.0005075301304,25764.616874518,6308048
2021-09-10 00:00:00.000,0.007382404269,0.0008896833719,49162.131989708,6659366
2021-09-09 00:00:00.000,0.006027083379,0.0008309579326,42277.940695361,7014660
2021-09-08 00:00:00.000,0.007729665945,0.0009385044115,51461.271341813,6657632
2021-09-07 00:00:00.000,0.01449238396,0.001741157013,106286.057007805,7333925
2021-09-06 00:00:00.000,0.005013640727,0.0004756287843,32664.917185209,6515209
2021-09-05 00:00:00.000,0.005559608357,0.0004109773427,30705.533489369,5522967
2021-09-04 00:00:00.000,0.005101334475,0.0003580772285,29937.273190739,5868518
2021-09-03 00:00:00.000,0.004631921125,0.0003568853633,28756.383714475,6208306
2021-09-02 00:00:00.000,0.004922720705,0.0002498404002,32074.818693833,6515669
2021-09-01 00:00:00.000,0.005097591047,0.0003527275662,32836.18370563,6441510
2021-08-31 00:00:00.000,0.005084358228,0.0003939807655,30925.049643933,6082390
2021-08-30 00:00:00.000,0.005806166414,0.0003771097027,33281.044591144,5732017
2021-08-29 00:00:00.000,0.00542081521,0.0005564376176,30163.838930198,5564447
2021-08-28 00:00:00.000,0.005724091633,0.0003269851181,30330.851088507,5298806
2021-08-27 00:00:00.000,0.006352919851,0.0006930449083,28549.7486358,4493957
2021-08-26 00:00:00.000,0.009068323568,0.001111568094,50724.810485232,5593626
2021-08-25 00:00:00.000,0.009142449533,0.00117671163,56501.490059979,6180126
2021-08-24 00:00:00.000,0.006545416285,0.0006809115702,45278.093880936,6917527
2021-08-23 00:00:00.000,0.007328789245,0.0006661846752,46566.701790832,6353942
2021-08-22 00:00:00.000,0.005458820477,0.0006305708378,32856.891555749,6019046
2021-08-21 00:00:00.000,0.006040594911,0.0005543755138,32194.190223208,5329639
2021-08-20 00:00:00.000,0.006254311518,0.0006937545576,34999.640107032,5596082
2021-08-19 00:00:00.000,0.004594834232,0.0003545980212,22891.822542866,4982078
2021-08-18 00:00:00.000,0.005168320461,0.0004991002677,25109.830148905,4858412
2021-08-17 00:00:00.000,0.006204325235,0.0005752315951,29765.566737571,4797551
2021-08-16 00:00:00.000,0.005059343176,0.0004833392907,24739.889630798,4889941
2021-08-15 00:00:00.000,0.005521136553,0.0006222786657,23892.199445268,4327406
2021-08-14 00:00:00.000,0.005802672685,0.0005095818171,26129.597574496,4503028
2021-08-13 00:00:00.000,0.007601887115,0.0007093789287,38189.341836694,5023666
2021-08-12 00:00:00.000,0.006837557265,0.0005811423074,31649.042338706,4628706
2021-08-11 00:00:00.000,0.007996414642,0.0009189839011,44508.179836636,5566017
2021-08-10 00:00:00.000,0.006229641618,0.0007458658765,35741.82745356,5737381
2021-08-09 00:00:00.000,0.004668619084,0.0004648819733,28924.891725944,6195599
2021-08-08 00:00:00.000,0.004212305293,0.0003866191714,24825.158059734,5893485
2021-08-07 00:00:00.000,0.004375021462,0.0003510403772,20931.148304912,4784239
2021-08-06 00:00:00.000,0.003326004232,0.0002871452175,13779.066787501,4142829
2021-08-05 00:00:00.000,0.004994247484,0.0004004049723,23210.095950463,4647366
2021-08-04 00:00:00.000,0.003029933338,0.000277671961,13060.503415953,4310492
2021-08-03 00:00:00.000,0.004717235055,0.0002819559302,22378.888588833,4744069
2021-08-02 00:00:00.000,0.002575365161,0.0002506551694,11036.814961047,4285534
2021-08-01 00:00:00.000,0.003418033053,0.0003146777515,14851.849231752,4345145
2021-07-31 00:00:00.000,0.002324709606,0.0002130765745,10343.893029231,4449542
2021-07-30 00:00:00.000,0.003192857997,0.0002933316966,17322.040075384,5425246
2021-07-29 00:00:00.000,0.002471008055,0.0002311621166,15160.405372515,6135312
2021-07-28 00:00:00.000,0.003070605738,0.0003051325083,18103.588263286,5895771
2021-07-27 00:00:00.000,0.002941475005,0.0002141274576,16145.59157904,5488944
2021-07-26 00:00:00.000,0.005843798813,0.0006469047691,36632.045705767,6268533
2021-07-25 00:00:00.000,0.002081783054,0.0001842221275,10620.001825396,5101397
2021-07-24 00:00:00.000,0.002042708807,0.0001879931246,11025.140844028,5397314
2021-07-23 00:00:00.000,0.002696628934,0.0002463997456,16121.723272129,5978473
2021-07-22 00:00:00.000,0.002649875883,0.0002476479456,13462.124702293,5080285
2021-07-21 00:00:00.000,0.002892432406,0.0002129395776,16629.72484382,5749391
2021-07-20 00:00:00.000,0.006624683149,0.0002309197882,40806.166787193,6159716
2021-07-19 00:00:00.000,0.004412404597,0.0002221038592,23301.05267132,5280806
2021-07-18 00:00:00.000,0.004170600276,0.0002305237003,18775.27088052,4501815
2021-07-17 00:00:00.000,0.002717655767,0.0002348474807,15157.445121522,5577397
2021-07-16 00:00:00.000,0.003283851955,0.0002873048543,19797.338576903,6028694
2021-07-15 00:00:00.000,0.002848717121,0.000295930061,15750.616785479,5529021
2021-07-14 00:00:00.000,0.003427929164,0.0003659916889,19366.281205334,5649557
2021-07-13 00:00:00.000,0.003042215454,0.0003919874447,18700.182005791,6146896
2021-07-12 00:00:00.000,0.005839216489,0.0007810363647,42205.091847772,7227869
2021-07-11 00:00:00.000,0.002848009423,0.0004119766915,18889.806976162,6632635
2021-07-10 00:00:00.000,0.002983028742,0.0003556558444,21002.05860505,7040515
2021-07-09 00:00:00.000,0.002914494804,0.0003103647867,19900.225898479,6828019
2021-07-08 00:00:00.000,0.002605705071,0.0002903396796,15309.199986514,5875262
2021-07-07 00:00:00.000,0.002004484037,0.0001670905548,10203.429102663,5090302
2021-07-06 00:00:00.000,0.00224810379,0.0001838024957,13505.766777429,6007626
2021-07-05 00:00:00.000,0.001948123233,0.0001779315448,9624.926867494,4940615
2021-07-04 00:00:00.000,0.00200195213,0.0001745055877,11626.787433727,5807725
2021-07-03 00:00:00.000,0.001746229349,0.0001882553672,10909.761687417,6247611
2021-07-02 00:00:00.000,0.002043806605,0.0001793215455,12169.147445119,5954158
2021-07-01 00:00:00.000,0.002015921308,0.0001946662214,16587.730283703,8228362
2021-06-30 00:00:00.000,0.001660147632,0.0001645179691,13272.986565282,7995064
2021-06-29 00:00:00.000,0.001520666664,0.000166959664,12029.116552574,7910423
2021-06-28 00:00:00.000,0.001465021179,0.000159039198,9524.197912157,6501065
2021-06-27 00:00:00.000,0.001379307192,0.0001277160728,8283.974168864,6005895
2021-06-26 00:00:00.000,0.001424729386,0.000143934244,8241.711861286,5784756
2021-06-25 00:00:00.000,0.002268459079,0.0002179320891,11612.981544347,5119326
2021-06-24 00:00:00.000,0.001620174328,0.0001905886264,12137.07584981,7491216
2021-06-23 00:00:00.000,0.002221665629,0.0002407416112,14894.153018989,6704048
2021-06-22 00:00:00.000,0.002846118302,0.0002664710928,23952.789323736,8415950
2021-06-21 00:00:00.000,0.002354643968,0.0002876578386,19198.996948158,8153673
2021-06-20 00:00:00.000,0.001819133533,0.0002574369414,11526.734070987,6336387
2021-06-19 00:00:00.000,0.001400386791,0.0003073100434,9646.861294167,6888712
2021-06-18 00:00:00.000,0.001674682046,0.0001989499488,12163.143692227,7262957
2021-06-17 00:00:00.000,0.003507379654,0.0002494936425,31125.995226992,8874430
2021-06-16 00:00:00.000,0.004341272718,0.0002695818366,39792.031933661,9165983
2021-06-15 00:00:00.000,0.001109348476,0.0001202571309,8229.520847343,7418337
2021-06-14 00:00:00.000,0.001038325409,0.00009740805697,7577.943880205,7298236
2021-06-13 00:00:00.000,0.0007570208185,0.00008488772047,5366.904392104,7089507
2021-06-12 00:00:00.000,0.000752907225,0.00008744596726,4663.727953727,6194293
2021-06-11 00:00:00.000,0.000948931057,0.00009822028154,6848.709679465,7217289
2021-06-10 00:00:00.000,0.003163143807,0.00009395211063,21125.849863569,6678751
2021-06-09 00:00:00.000,0.001012769951,0.00008848926058,6039.654613914,5963501
2021-06-08 00:00:00.000,0.0009261345935,0.00006969498172,5864.446319903,6332175
2021-06-07 00:00:00.000,0.0008534727515,0.00007643967254,5265.695585537,6169729
2021-06-06 00:00:00.000,0.0005435097361,0.00007057331144,3560.434993234,6550821
2021-06-05 00:00:00.000,0.0006695285226,0.0000751413445,4931.866942847,7366179
2021-06-04 00:00:00.000,0.0006005970636,0.00007561583375,3806.784187602,6338333
2021-06-03 00:00:00.000,0.0004643511008,0.00008245139417,2712.447982977,5841373
2021-06-02 00:00:00.000,0.0003804789837,0.00008091648548,2514.453576812,6608653
2021-06-01 00:00:00.000,0.0004167454478,0.00008348014733,2826.374294969,6782016
2021-05-31 00:00:00.000,0.0004422172907,0.00009103458843,2835.863423667,6412828
2021-05-30 00:00:00.000,0.0004515795921,0.00009295928302,3246.27924542,7188720
2021-05-29 00:00:00.000,0.0004556697498,0.0001211735369,2907.11103255,6379864
2021-05-28 00:00:00.000,0.0006081633097,0.0001003701474,4370.133829452,7185790
2021-05-27 00:00:00.000,0.0006985749056,0.0001074514525,4524.402109433,6476617
2021-05-26 00:00:00.000,0.0008464303324,0.0001357972997,5154.981642468,6090261
2021-05-25 00:00:00.000,0.0005179640474,0.0001176572462,3292.773589912,6357147
2021-05-24 00:00:00.000,0.0007000306119,0.0001064397541,3828.832132416,5469521
2021-05-23 00:00:00.000,0.0007249807595,0.00008114088904,3736.96117348,5154566
2021-05-22 00:00:00.000,0.0005967353635,0.00006859992653,3437.606247516,5760688
2021-05-21 00:00:00.000,0.001018432987,0.0001342693645,5193.176175841,5099183
2021-05-20 00:00:00.000,0.001035831096,0.0001312356399,5649.208383151,5453793
2021-05-19 00:00:00.000,0.001111172049,0.0001521952216,7624.385904192,6861571
2021-05-18 00:00:00.000,0.0007594560864,0.0001298815015,4208.398314152,5541332
2021-05-17 00:00:00.000,0.0006418984325,0.0001199452127,2683.838968372,4181096
2021-05-16 00:00:00.000,0.0007296379465,0.0002576018898,2732.235817877,3744646
2021-05-15 00:00:00.000,0.0008744100368,0.0002392501034,3548.578904087,4058255
2021-05-14 00:00:00.000,0.0005907075539,0.0001728261121,2239.929964844,3791944
2021-05-13 00:00:00.000,0.0004714571996,0.0001532694664,1578.663589368,3348477
2021-05-12 00:00:00.000,0.0005313530488,0.0001062554252,1900.455911587,3576635
2021-05-11 00:00:00.000,0.0003506567422,0.000125976651,1041.725439161,2970784
2021-05-10 00:00:00.000,0.0003911643515,0.0001293684337,1370.548746425,3503767
2021-05-09 00:00:00.000,0.0003602370047,0.0001342829314,1100.741272279,3055603
2021-05-08 00:00:00.000,0.0002590006824,0.0001205714607,761.146025303,2938780
2021-05-07 00:00:00.000,0.000485503207,0.0001678373636,1343.877246521,2768009
2021-05-06 00:00:00.000,0.0004500236852,0.00004787759479,657.975579902,1462091
2021-05-05 00:00:00.000,0.0004682255498,0.00004707072,621.659784875,1327693
2021-05-04 00:00:00.000,0.0005718317265,0.00004656597827,962.177215156,1682623
2021-05-03 00:00:00.000,0.0007988319619,0.00004939585137,1173.321190297,1468796
2021-05-02 00:00:00.000,0.000760800782,0.0000475148651,1333.890708572,1753272
2021-05-01 00:00:00.000,0.00112387685,0.00005092372982,1845.850843752,1642396
2021-04-30 00:00:00.000,0.001175156497,0.00005637740148,1549.088944148,1318198
2021-04-29 00:00:00.000,0.001408581294,0.00006475285405,1711.241747981,1214869
2021-04-28 00:00:00.000,0.001514386787,0.00004715116376,2154.125856202,1422441
2021-04-27 00:00:00.000,0.001654017988,0.00003915472901,2008.354953191,1214228
2021-04-26 00:00:00.000,0.0008831925877,0.00003130575771,971.825379876,1100355
2021-04-25 00:00:00.000,0.0005658038615,0.00004287348901,360.700527531,637501
2021-04-24 00:00:00.000,0.0004888297228,0.00002777667321,218.606118523,447203
2021-04-23 00:00:00.000,0.0006429158273,0.00002242955572,408.528647079,635431
2021-04-22 00:00:00.000,0.0007861517187,0.00004341954171,327.026536552,415984
2021-04-21 00:00:00.000,0.0006730050907,0.00005424827153,206.017626339,306116
2021-04-20 00:00:00.000,0.0007501032408,0.00003964242218,259.122414429,345449
2021-04-19 00:00:00.000,0.0008988368122,0.00004275655732,315.566324523,351083
2021-04-18 00:00:00.000,0.000819278688,0.00004263538198,321.427607675,392330
2021-04-17 00:00:00.000,0.0006216245116,0.00006799274647,134.252245776,215970
2021-04-16 00:00:00.000,0.0005610833901,0.00006192053475,158.708608802,282861
2021-04-15 00:00:00.000,0.0007564279918,0.00006544309182,229.901159539,303930
2021-04-14 00:00:00.000,0.0007024405671,0.00006678247975,276.645680747,393835
2021-04-13 00:00:00.000,0.0005496166369,0.00006344509988,154.591221087,281271
2021-04-12 00:00:00.000,0.0005276957858,0.0000683235959,121.658680321,230547
2021-04-11 00:00:00.000,0.0004762786575,0.00007180350947,110.631911687,232284
2021-04-10 00:00:00.000,0.0005094550322,0.00006702531583,105.31556317,206722
2021-04-09 00:00:00.000,0.0006526990932,0.0000611804886,161.157280401,246909
2021-04-08 00:00:00.000,0.0007303468316,0.00006060115033,172.824892155,236634
2021-04-07 00:00:00.000,0.0008351417692,0.00005886451592,214.177952694,256457
2021-04-06 00:00:00.000,0.0007415717447,0.00005917351568,153.10193612,206456
2021-04-05 00:00:00.000,0.0004790610908,0.00005636092866,131.178903182,273825
2021-04-04 00:00:00.000,0.0006684317313,0.0000575742004,122.857083777,183799
2021-04-03 00:00:00.000,0.000530077889,0.00004890894221,114.348402215,215720
2021-04-02 00:00:00.000,0.0006490010603,0.00005167435226,154.10010977,237442
2021-04-01 00:00:00.000,0.0008052673626,0.00004049498938,179.221109496,222561
2021-03-31 00:00:00.000,0.0009094472064,0.00005041822827,188.193729314,206932
2021-03-30 00:00:00.000,0.0007401483442,0.00006055905143,121.653002299,164363
2021-03-29 00:00:00.000,0.0009202608419,0.00005785564737,197.946266563,215098
2021-03-28 00:00:00.000,0.0006661372698,0.00005471797712,121.97772775,191046
2021-03-27 00:00:00.000,0.0006016860148,0.00005164435667,71.933969819,188490
2021-03-26 00:00:00.000,0.0005916090927,0.0000515757303,99.399201713,168015
2021-03-25 00:00:00.000,0.0008299613798,0.00005280730204,154.286500661,185896
2021-03-24 00:00:00.000,0.0008281840722,0.00004751088682,188.428440113,227520
2021-03-23 00:00:00.000,0.0007240193308,0.00005580902376,129.361257861,178671
2021-03-22 00:00:00.000,0.000888871275,0.00005995831163,273.548357147,307748
2021-03-21 00:00:00.000,0.0007532992125,0.00006080137962,249.320193655,330971
2021-03-20 00:00:00.000,0.0006655629639,0.00006492596802,175.789821157,264122
2021-03-19 00:00:00.000,0.0005968524428,0.00006349299523,173.657202492,290955
2021-03-18 00:00:00.000,0.000483636119,0.00006403977737,128.768600319,266251
2021-03-17 00:00:00.000,0.0006151819428,0.00006303169953,181.219066354,294578
2021-03-16 00:00:00.000,0.001012742292,0.00006410515275,213.973204222,211281
2021-03-15 00:00:00.000,0.001825904718,0.00008096850798,325.982421168,178532
2021-03-14 00:00:00.000,0.001551213229,0.00007186477012,273.60298928,176380
2021-03-13 00:00:00.000,0.001485301805,0.00008514054237,228.942934957,154139
2021-03-12 00:00:00.000,0.002083826676,0.00007887260461,334.843857093,160687
2021-03-11 00:00:00.000,0.001541629869,0.00005427519873,255.680855392,165851
2021-03-10 00:00:00.000,0.001059250772,0.00005091140496,156.903639108,148127
2021-03-09 00:00:00.000,0.001613246413,0.00005433574614,240.072038473,148813
2021-03-08 00:00:00.000,0.001273951198,0.00005464897523,181.642509749,142582
2021-03-07 00:00:00.000,0.001444983115,0.00005294679323,212.074391815,146766
2021-03-06 00:00:00.000,0.001537028693,0.0000617653029,202.217642901,131564
2021-03-05 00:00:00.000,0.0006635646791,0.00003059306345,95.68934455,144205
2021-03-04 00:00:00.000,0.001879405401,0.00003612382377,283.173770544,150672
2021-03-03 00:00:00.000,0.001021342242,0.00003779341317,139.92388722,137000
2021-03-02 00:00:00.000,0.001400056015,0.00003671892326,264.582585798,188980
2021-03-01 00:00:00.000,0.0008302740701,0.00003699778196,108.861384695,131115
2021-02-28 00:00:00.000,0.0005663438151,0.00003112320723,69.353330912,122458
2021-02-27 00:00:00.000,0.0006445134126,0.00003363556981,65.382018625,101444
2021-02-26 00:00:00.000,0.0005133941428,0.00002925915395,54.805338143,106751
2021-02-25 00:00:00.000,0.0003343407793,0.00002970001136,39.635765049,118549
2021-02-24 00:00:00.000,0.0001061161413,0.00002505799785,11.973084218,112830
2021-02-23 00:00:00.000,0.00009241456898,0.00002041785098,10.445618732,113030
2021-02-22 00:00:00.000,0.0001219890104,0.00002492014055,13.901989619,113961
2021-02-21 00:00:00.000,0.0001052394133,0.00002625003099,10.384709589,98677
2021-02-20 00:00:00.000,0.0001021094391,0.00002691799454,8.949177571,87643
2021-02-19 00:00:00.000,0.00007743680315,0.00001979009216,7.262100836,93781
2021-02-18 00:00:00.000,0.00007312063218,0.00001980918594,6.002107092,82085
2021-02-17 00:00:00.000,0.00006266540696,0.00001698400652,4.891661668,78060
2021-02-16 00:00:00.000,0.00005713632047,0.00001733393725,6.113014927,106990
2021-02-15 00:00:00.000,0.0001089756122,0.00001685331029,9.985435343,91630
2021-02-14 00:00:00.000,0.00005446497252,0.00001705587627,3.682376792,67610
2021-02-13 00:00:00.000,0.00007275197225,0.00001942293323,5.783199778,79492
2021-02-12 00:00:00.000,0.0000972635949,0.00001948963107,8.581956032,88234
2021-02-11 00:00:00.000,0.00006180155961,0.00002026860496,4.790115282,77508
2021-02-10 00:00:00.000,0.00006316116547,0.00001882568834,5.212754148,82531
2021-02-09 00:00:00.000,0.00005062797806,0.00001392099414,3.408326111,67321
2021-02-08 00:00:00.000,0.00004028420345,0.00001147187231,2.785410963,69144
2021-02-07 00:00:00.000,0.00002399323415,0.000008273010989,1.551114601,64648
2021-02-06 00:00:00.000,0.00002730266579,0.000008140684856,1.695468243,62099
2021-02-05 00:00:00.000,0.00002815359085,0.000007623555304,1.965514791,69814
2021-02-04 00:00:00.000,0.00002088285496,0.000006744281438,1.271473507,60886
2021-02-03 00:00:00.000,0.00002166378959,0.000006483207127,1.285615929,59344
2021-02-02 00:00:00.000,0.00002016988589,0.000006344431592,1.261182625,62528
2021-02-01 00:00:00.000,0.00001753911472,0.000005960139298,1.130518717,64457
2021-01-31 00:00:00.000,0.00001890768215,0.000006223597715,1.244030947,65795
2021-01-30 00:00:00.000,0.00001991454206,0.000006538884071,1.394217089,70010
2021-01-29 00:00:00.000,0.00001805614358,0.000006362980427,1.596199205,88402
2021-01-28 00:00:00.000,0.00001500728788,0.000006696560239,1.046338125,69722
2021-01-27 00:00:00.000,0.00001393857393,0.000006681658895,0.9440874892,67732
2021-01-26 00:00:00.000,0.00001295062881,0.000005987741935,0.8799693266,67948
2021-01-25 00:00:00.000,0.00002043778752,0.00000556172757,1.161111584,56812
2021-01-24 00:00:00.000,0.00002365024805,0.00000548596118,1.349341252,57054
2021-01-23 00:00:00.000,0.00001287567704,0.000001230445167,0.6986728633,54263
2021-01-22 00:00:00.000,0.000006350751821,0.000001187175792,1.490826288,234748
2021-01-21 00:00:00.000,0.00000647215001,0.00000147745779,1.364976437,210900
2021-01-20 00:00:00.000,0.00001798981609,0.000005319821323,1.23541464,68673
2021-01-19 00:00:00.000,0.00001637125265,0.000005583467466,1.13493709,69325
2021-01-18 00:00:00.000,0.00001374084251,0.000005660928435,0.7989475467,58144
2021-01-17 00:00:00.000,0.00001901913112,0.000006952286386,0.6650039196,34965
2021-01-16 00:00:00.000,0.00002013711697,0.000006349941365,0.63218465,31394
2021-01-15 00:00:00.000,0.00001125440066,0.00000434903042,0.546423661,48552
2021-01-14 00:00:00.000,0.00001113207743,0.00000404263096,0.5920038779,53180
2021-01-13 00:00:00.000,0.00001028108179,0.000003664972031,0.5581496492,54289
2021-01-12 00:00:00.000,0.00001008414578,0.000003506033446,0.5449875748,54044
2021-01-11 00:00:00.000,0.00000736932928,0.000003440971947,0.4305235859,58421
2021-01-10 00:00:00.000,0.000009131779692,0.000004257735035,0.4153863946,45488
2021-01-09 00:00:00.000,0.000008318120369,0.000004173852097,0.3439542772,41350
2021-01-08 00:00:00.000,0.000008379752699,0.000004174577128,0.4031834213,48114
2021-01-07 00:00:00.000,0.00002546063053,0.000004580029494,1.107410125,43495
2021-01-06 00:00:00.000,0.000007708294146,0.000003613116927,0.3572948503,46352
2021-01-05 00:00:00.000,0.000006777045814,0.000003242774666,0.299701297,44223
2021-01-04 00:00:00.000,0.00000607434701,0.000002750946192,0.2813394561,46316
2021-01-03 00:00:00.000,0.00000516658806,0.000002541121873,0.2079448362,40248
2021-01-02 00:00:00.000,0.000005241603803,0.0000024190807,0.2056805332,39240
2021-01-01 00:00:00.000,0.000004898788598,0.000002364860149,0.1668772336,34065
2020-12-31 00:00:00.000,0.000004713099479,0.000002307609756,0.158671207,33666
2020-12-30 00:00:00.000,0.000005358497242,0.000002415230245,0.1853450611,34589
2020-12-29 00:00:00.000,0.000004747909793,0.000002407397492,0.1811754898,38159
2020-12-28 00:00:00.000,0.000005180883198,0.000002494377036,0.2012773122,38850
2020-12-27 00:00:00.000,0.00000485774851,0.00000246032661,0.2032627709,41843
2020-12-26 00:00:00.000,0.000004235008566,0.00000220589542,0.1615232267,38140
2020-12-25 00:00:00.000,0.000004046311363,0.000002141070142,0.1596310296,39451
2020-12-24 00:00:00.000,0.00000341788257,0.000002031003888,0.1723364749,50422
2020-12-23 00:00:00.000,0.000003620093151,0.000002257619373,0.2127420142,58767
2020-12-22 00:00:00.000,0.000003887413005,0.000002369697585,0.2051465591,52772
2020-12-21 00:00:00.000,0.000004399783472,0.000002397766032,0.2303770624,52361
2020-12-20 00:00:00.000,0.000004179644292,0.000002546630769,0.2159998374,51679
2020-12-19 00:00:00.000,0.000004249541896,0.00000262125129,0.2249495003,52935
2020-12-18 00:00:00.000,0.000003280573659,0.00000228085208,0.3336244994,101697
2020-12-17 00:00:00.000,0.000003219238605,0.000002260766221,0.3976628871,123527
2020-12-16 00:00:00.000,0.000003093922658,0.00000228022494,0.4017365754,129847
2020-12-15 00:00:00.000,0.000002920427254,0.000002251772313,0.3989508059,136607
2020-12-14 00:00:00.000,0.000002706611589,0.000002115639176,0.3355061593,123958
2020-12-13 00:00:00.000,0.000002506373011,0.000002112435053,0.3183444616,127014
2020-12-12 00:00:00.000,0.000002496559006,0.000002079137584,0.3209775983,128568
2020-12-11 00:00:00.000,0.000002480129972,0.000002031421816,0.3213529207,129571
2020-12-10 00:00:00.000,0.000002425036643,0.000002060006129,0.2635311571,108671
2020-12-09 00:00:00.000,0.000004089897519,0.000002075911174,0.5593834635,136772
2020-12-08 00:00:00.000,0.000002735917813,0.000002151188834,0.3126032334,114259
2020-12-07 00:00:00.000,0.000003379172591,0.000002259224224,0.3770413193,111578
2020-12-06 00:00:00.000,0.000003145837981,0.000002283120812,0.3566530894,113373
2020-12-05 00:00:00.000,0.000003262674086,0.000002250235374,0.3495465882,107135
2020-12-04 00:00:00.000,0.000003139248606,0.000002374559698,0.3902839437,124324
2020-12-03 00:00:00.000,0.000003851878032,0.000002365795093,0.4150321542,107748
2020-12-02 00:00:00.000,0.000003164731159,0.000002243563014,0.4138455642,130768
2020-12-01 00:00:00.000,0.000003921357425,0.000002252958028,0.191577917,48855
2020-11-30 00:00:00.000,0.000004797714634,0.000002954873506,0.1480046988,30849
2020-11-29 00:00:00.000,0.000004889650045,0.000002177636484,0.09039007072,18486
2020-11-28 00:00:00.000,0.000005989189533,0.000004076815721,0.1225627746,20464
2020-11-27 00:00:00.000,0.000005419634069,0.000004052414235,0.12662975,23365
2020-11-26 00:00:00.000,0.000006648829037,0.000003768522806,0.2001762958,30107
2020-11-25 00:00:00.000,0.000007623524904,0.000004970973946,0.1824080804,23927
2020-11-24 00:00:00.000,0.000008447406348,0.00000497821583,0.1616242257,19133
2020-11-23 00:00:00.000,0.000008676104507,0.000003227053803,0.1524304801,17569
2020-11-22 00:00:00.000,0.00000614425408,0.000002244814114,0.1094475979,17813
2020-11-21 00:00:00.000,0.000004983203286,0.000001949989282,0.08095712058,16246
2020-11-20 00:00:00.000,0.000006749794093,0.000002433369123,0.1016923978,15066
2020-11-19 00:00:00.000,0.000005141204317,0.000001815330444,0.08008453965,15577
2020-11-18 00:00:00.000,0.000006676186,0.000001832828162,0.1061513574,15900
2020-11-17 00:00:00.000,0.000004924407314,0.000001886331359,0.06310627973,12815
2020-11-16 00:00:00.000,0.000003622693521,0.000001369548947,0.06658510691,18380
2020-11-15 00:00:00.000,0.000002943517395,0.000001328697902,0.06139588584,20858
2020-11-14 00:00:00.000,0.000002768198328,0.000001314897678,0.05854185823,21148
2020-11-13 00:00:00.000,0.000003552428842,0.000001330957139,0.08087459503,22766
2020-11-12 00:00:00.000,0.000003019814735,0.000001315634224,0.06903598467,22861
2020-11-11 00:00:00.000,0.000004220358564,0.000001416222741,0.08002221873,18961
2020-11-10 00:00:00.000,0.000003467771883,0.000001330469165,0.09531864575,27487
2020-11-09 00:00:00.000,0.000003157535818,0.000001473691539,0.07193813854,22783
2020-11-08 00:00:00.000,0.000004044480176,0.000001665776888,0.06051755687,14963
2020-11-07 00:00:00.000,0.000004653092658,0.000001732718527,0.07823244685,16813
2020-11-06 00:00:00.000,0.000005357730046,0.000004991046634,0.2388101013,44573
2020-11-05 00:00:00.000,0.000004195430874,0.000003496117862,0.1696002931,40425
2020-11-04 00:00:00.000,0.000005080059489,0.000003478769915,0.129028431,25399
2020-11-03 00:00:00.000,0.000004112163196,0.000001353436345,0.06087235179,14803
2020-11-02 00:00:00.000,0.000004523767044,0.000001416959624,0.05266569592,11642
2020-11-01 00:00:00.000,0.00000202681495,7.161784382e-7,0.04049778951,19981
2020-10-31 00:00:00.000,0.000004609546921,0.000001590965143,0.05454476872,11833
2020-10-30 00:00:00.000,0.000006264393516,0.000002016368377,0.08327258301,13293
2020-10-29 00:00:00.000,0.000009245674515,0.000003068831263,0.1116045371,12071
2020-10-28 00:00:00.000,0.00003344147549,0.000001985028394,0.4188544805,12525
2020-10-27 00:00:00.000,0.00001203650647,0.000002414169532,0.1141542274,9484
2020-10-26 00:00:00.000,0.000007228654951,0.000001634238172,0.0750334384,10380
2020-10-25 00:00:00.000,0.000004925712126,0.000001747015629,0.06065029341,12313
2020-10-24 00:00:00.000,0.000004409769864,0.000001981570085,0.05250712977,11907
2020-10-23 00:00:00.000,0.000006788004628,0.000001994386552,0.09894874346,14577
2020-10-22 00:00:00.000,0.000003491352432,0.000001701647737,0.05147650025,14744
2020-10-21 00:00:00.000,0.000003532961977,0.000001601531386,0.04573772576,12946
2020-10-20 00:00:00.000,0.000003099951947,0.000001540527494,0.03800541087,12260
2020-10-19 00:00:00.000,0.000002365778484,0.000001482883526,0.03377621941,14277
2020-10-18 00:00:00.000,0.000003048272009,0.000001493064368,0.0529149538,17359
2020-10-17 00:00:00.000,0.000002277459558,0.000001473513057,0.04457899338,19574
2020-10-16 00:00:00.000,0.000003024519825,0.000001461552842,0.05762012718,19051
2020-10-15 00:00:00.000,0.000002735786984,0.000001522727034,0.0485520116,17747
2020-10-14 00:00:00.000,0.000005969923662,0.000001932475296,0.1118465198,18735
2020-10-13 00:00:00.000,0.000006808658673,0.000001953832287,0.1454057146,21356
2020-10-12 00:00:00.000,0.000007250751702,0.000002093438195,0.1440071796,19861
2020-10-11 00:00:00.000,0.000009670961739,0.000001957121951,0.1850538529,19135
2020-10-10 00:00:00.000,0.000008688937826,0.000001923507575,0.1735007105,19968
2020-10-09 00:00:00.000,0.00000890116731,0.000002193750623,0.1742047454,19571
2020-10-08 00:00:00.000,0.000007992989606,0.000001809910056,0.1617861026,20241
2020-10-07 00:00:00.000,0.000008561388841,0.00000188045727,0.1558172769,18200
2020-10-06 00:00:00.000,0.000008321888799,0.000001983911643,0.1479964704,17784
2020-10-05 00:00:00.000,0.000008712285923,0.000002053494801,0.173836241,19953
2020-10-04 00:00:00.000,0.00002323921656,0.000002920409642,0.4211643217,18123
2020-10-03 00:00:00.000,0.00001301453023,0.000001840533337,0.2237718327,17194
2020-10-02 00:00:00.000,0.000008289955982,0.000001487831108,0.2193356554,26458
2020-10-01 00:00:00.000,0.0000101142437,0.00000163923018,0.2794262106,27627
2020-09-30 00:00:00.000,0.00001671662822,0.000002156513794,0.3550444668,21239
2020-09-29 00:00:00.000,0.00002137212371,0.000001938953026,0.366767015,17161
2020-09-28 00:00:00.000,0.00002103153368,0.000001614212334,0.4786777066,22760
2020-09-27 00:00:00.000,0.0000258447028,0.000002028972762,0.4359742916,16869
2020-09-26 00:00:00.000,0.00001917244763,0.000002102897898,0.2738208971,14282
2020-09-25 00:00:00.000,0.000004635157394,0.000004052907385,0.5934623769,128035
2020-09-24 00:00:00.000,0.000006098237582,0.000003425576718,0.07456924916,12228
2020-09-23 00:00:00.000,0.00002731008604,0.000001914134097,0.1534826836,5620
2020-09-22 00:00:00.000,0.000006290651558,0.000001939031924,0.02688624476,4274
2020-09-21 00:00:00.000,0.000005761903716,8.366017881e-7,0.03283132737,5698
2020-09-20 00:00:00.000,0.000007984562114,0.000002120260208,0.03237739937,4055
2020-09-19 00:00:00.000,0.00001042750951,0.000002332857758,0.09607907264,9214
2020-09-18 00:00:00.000,0.000007029154325,0.000001901389063,0.02328758828,3313
2020-09-17 00:00:00.000,0.000004558669982,7.364879056e-7,0.02302128341,5050
2020-09-16 00:00:00.000,0.000003062404703,7.358622163e-7,0.02126840066,6945
2020-09-15 00:00:00.000,0.000004517971338,7.749808719e-7,0.03304896034,7315
2020-09-14 00:00:00.000,0.000004426951639,0.00000197298247,0.03103735794,7011
2020-09-13 00:00:00.000,0.000003315934489,0.000001105638314,0.02477997844,7473
2020-09-12 00:00:00.000,0.000004814671545,0.000002064551237,0.02301894465,4781
2020-09-11 00:00:00.000,0.000004900558765,0.000002019277037,0.01766161379,3604
2020-09-10 00:00:00.000,0.00001598681325,0.000003358496633,0.1868858469,11690
2020-09-09 00:00:00.000,0.000005563285343,0.000001946374111,0.01546593325,2780
2020-09-08 00:00:00.000,0.00001310093059,0.000002244789125,0.07544825929,5759
2020-09-07 00:00:00.000,0.000005180116924,0.000001785835843,0.01128229466,2178
2020-09-06 00:00:00.000,0.000003806310332,0.000001830216646,0.008377689041,2201
2020-09-05 00:00:00.000,0.000005021926459,0.000001916160587,0.01464393755,2916
2020-09-04 00:00:00.000,0.000009666668771,0.000001925491142,0.02626433905,2717
2020-09-03 00:00:00.000,0.00002671158996,0.000002679895979,0.09226183174,3454
2020-09-02 00:00:00.000,0.00001136381074,0.000002490431359,0.05363718672,4720
2020-09-01 00:00:00.000,0.00001850231567,0.000002618411923,0.03985398795,2154
2020-08-31 00:00:00.000,0.000008318330399,0.00000265886606,0.01730212723,2080
2020-08-30 00:00:00.000,0.000009215666219,0.000002773405911,0.02014544636,2186
2020-08-29 00:00:00.000,0.000006674676324,0.000002684229525,0.01050594053,1574
2020-08-28 00:00:00.000,0.00001543439139,0.000002645047679,0.0304674886,1974
2020-08-27 00:00:00.000,0.000009754587205,0.000002632910819,0.01563660329,1603
2020-08-26 00:00:00.000,0.00001367708214,0.000002672329324,0.02394857083,1751
2020-08-25 00:00:00.000,0.00001391033587,0.000002643094277,0.02112980019,1519
2020-08-24 00:00:00.000,0.000007076406957,0.000002706099021,0.009524843764,1346
2020-08-23 00:00:00.000,0.000007222783877,0.00000252825749,0.009880768344,1368
2020-08-22 00:00:00.000,0.000009532809251,0.000002545526864,0.008722520465,915
2020-08-21 00:00:00.000,0.00001147319866,0.00000274683415,0.02547050103,2220
2020-08-20 00:00:00.000,0.00001845516017,0.000002616873528,0.02855013278,1547
2020-08-19 00:00:00.000,0.000006597649208,0.00000250891476,0.01646773242,2496
2020-08-18 00:00:00.000,0.000007490466757,0.000005207977353,0.02238900514,2989
2020-08-17 00:00:00.000,0.000009910820473,0.000008253253389,0.05653131998,5704
2020-08-16 00:00:00.000,0.00000698786436,0.000002874738643,0.0126061073,1804
2020-08-15 00:00:00.000,0.000008689018974,0.000003092920603,0.01385029624,1594
2020-08-14 00:00:00.000,0.00001670996751,0.000002742403033,0.02394538344,1433
2020-08-13 00:00:00.000,0.00004699996697,0.000004570535964,0.2235318429,4756
2020-08-12 00:00:00.000,0.00002243395153,0.000002484281881,0.0264271949,1178
2020-08-11 00:00:00.000,0.000006506290806,0.000002421986578,0.008191420125,1259
2020-08-10 00:00:00.000,0.00001666416163,0.00000230576418,0.01888049513,1133
2020-08-09 00:00:00.000,0.000007919938032,0.000002333796399,0.007904098156,998
2020-08-08 00:00:00.000,0.00001266374804,0.000002553657174,0.0126004293,995
2020-08-07 00:00:00.000,0.00004824125338,0.000004609099289,0.04693873954,973
2020-08-06 00:00:00.000,0.00001851606642,0.00000357926919,0.0171458775,926
2020-08-05 00:00:00.000,0.00001917204839,0.000002065872188,0.02921820174,1524
2020-08-04 00:00:00.000,0.00001652425906,0.000003027242679,0.01563194907,946
2020-08-03 00:00:00.000,0.00008573498882,0.00000238952204,0.1078546159,1258
2020-08-02 00:00:00.000,0.000006902632026,0.000001838502745,0.002208842248,320
2020-08-01 00:00:00.000,0.0001426618734,0.000004205051815,0.06790705173,476
2020-07-31 00:00:00.000,0.000004349835516,0.000001959984383,0.001848680094,425
2020-07-30 00:00:00.000,0.000003557154546,0.000001963905447,0.001817705973,511
2020-07-29 00:00:00.000,0.000006840801424,0.000002210631133,0.001819653179,266
2020-07-28 00:00:00.000,0.000005901210106,0.000001968980955,0.002159842899,366
2020-07-27 00:00:00.000,0.0001345945425,0.000005127930266,0.07833402375,582
2020-07-26 00:00:00.000,0.000004208773619,0.00000200646105,0.002327451811,553
2020-07-25 00:00:00.000,0.000004967030406,0.000002024419932,0.001927207798,388
2020-07-24 00:00:00.000,8.836986421e-7,4.448278011e-7,0.005847433915,6617
2020-07-23 00:00:00.000,0.000009777202284,0.000002045339763,0.008124855098,831
2020-07-22 00:00:00.000,0.000009501620471,0.000002052864597,0.004655794031,490
2020-07-21 00:00:00.000,0.00000441983765,0.000002043191117,0.003261840185,738
2020-07-20 00:00:00.000,0.000003951812021,0.000002122585157,0.0053586571,1356
2020-07-19 00:00:00.000,0.000004224616241,0.000002040850556,0.00668756751,1583
2020-07-18 00:00:00.000,0.000002332124724,0.000002440999457,0.000009328498894,4
2020-07-17 00:00:00.000,0.0001123124246,0.00001696155902,0.00247087334,22
2020-07-16 00:00:00.000,0.0001149679397,0.00001362408792,0.003334070251,29
2020-07-15 00:00:00.000,0.00001327410744,0.00001080573474,0.0001327410744,10
2020-07-14 00:00:00.000,0,0,0,6
2020-07-13 00:00:00.000,0.00001248695085,0.00001079232118,0.00008740865592,7
2020-07-12 00:00:00.000,0.00001298477319,0.00001037094318,0.0001558172783,12
2020-07-11 00:00:00.000,0.00002388082235,0.00001128308657,0.001408968519,59
2020-07-10 00:00:00.000,0,0,0,2
2020-07-09 00:00:00.000,0.00001262446845,0.000006357280553,0.0001641180898,13
2020-07-08 00:00:00.000,0.0001117408804,0.00002153291725,0.0007821861626,7
2020-07-07 00:00:00.000,0.0003238031037,0.00008379708677,0.006799865178,21
2020-07-06 00:00:00.000,0.00007456997489,0.00004669492121,0.0005965597991,8
2020-07-05 00:00:00.000,0.000009894103641,0,0.00002968231092,3
2020-07-04 00:00:00.000,0.000009387983095,0.00001503704446,0.00004693991548,5
2020-07-03 00:00:00.000,0.0002719062624,0.00007323716025,0.006525750297,24
2020-07-02 00:00:00.000,0.000006330081103,0.00000852951317,0.00001899024331,3
2020-07-01 00:00:00.000,0,0,0,1
2020-06-30 00:00:00.000,0.0001997049905,0.00001601149032,0.00359468983,18
2020-06-29 00:00:00.000,0.000001000727767,0,0.000009006549902,9
2020-06-28 00:00:00.000,0,0,0,1
2020-06-27 00:00:00.000,0.00001998537779,0.00001998537779,0.00001998537779,1
2020-06-24 00:00:00.000,0,0,0,1
2020-06-23 00:00:00.000,0.000007457333267,0.000008281524236,0.00005965866614,8
2020-06-21 00:00:00.000,0.000007417445091,0.000006895109202,0.0001112616764,15
2020-06-20 00:00:00.000,0.000008112314723,0.000007177339821,0.0004948511981,61
2020-06-19 00:00:00.000,0.00001347557786,0.00001527846777,0.0002290848237,17
2020-06-18 00:00:00.000,0.00001049236655,0.00001411664168,0.0001783702313,17
2020-06-16 00:00:00.000,6.427312167e-7,6.427312167e-7,6.427312167e-7,1
2020-06-15 00:00:00.000,0.000004324188765,5.324134691e-7,0.00001729675506,4
2020-06-12 00:00:00.000,4.177235566e-7,5.487055379e-7,0.000003341788452,8
2020-05-30 00:00:00.000,0.00001759288378,9.962727296e-7,0.0002814861405,16
